"Region/country/area","Year","RE share of electricity generation (%)","RE share of electricity capacity (%)"
"World","2018",24.88,33.13
"World","2019",25.85,34.59
"World","2020",27.65,36.59
"World","2021",27.73,38.36
"World","2022",29.07,40.26
"World","2023",-,43.04
"Africa","2018",19.83,21.34
"Africa","2019",20.63,21.60
"Africa","2020",22.46,22.32
"Africa","2021",23.08,22.63
"Africa","2022",22.78,23.62
"Africa","2023",-,24.25
"Asia","2018",21.68,31.66
"Asia","2019",22.65,33.05
"Asia","2020",23.97,35.67
"Asia","2021",24.71,37.66
"Asia","2022",26.15,39.67
"Asia","2023",-,43.41
"Central America and the Caribbean","2018",33.53,34.92
"Central America and the Caribbean","2019",31.14,35.56
"Central America and the Caribbean","2020",35.62,35.71
"Central America and the Caribbean","2021",37.80,37.17
"Central America and the Caribbean","2022",38.33,38.09
"Central America and the Caribbean","2023",-,38.59
"Eurasia","2018",20.86,26.98
"Eurasia","2019",23.34,27.46
"Eurasia","2020",24.78,28.72
"Eurasia","2021",24.02,29.66
"Eurasia","2022",23.48,30.12
"Eurasia","2023",-,30.79
"Europe","2018",34.19,45.48
"Europe","2019",35.64,47.90
"Europe","2020",40.15,49.83
"Europe","2021",39.29,51.86
"Europe","2022",40.47,54.43
"Europe","2023",-,56.90
"Middle East","2018",2.12,6.19
"Middle East","2019",3.90,6.88
"Middle East","2020",3.54,7.31
"Middle East","2021",3.01,7.78
"Middle East","2022",3.41,8.89
"Middle East","2023",-,9.92
"North America","2018",22.51,27.25
"North America","2019",23.23,28.75
"North America","2020",25.38,30.55
"North America","2021",25.46,32.35
"North America","2022",27.02,33.66
"North America","2023",-,35.25
"Oceania","2018",26.61,37.88
"Oceania","2019",28.57,41.74
"Oceania","2020",30.64,44.92
"Oceania","2021",34.19,47.41
"Oceania","2022",38.19,50.21
"Oceania","2023",-,53.27
"South America","2018",70.04,66.32
"South America","2019",70.74,67.18
"South America","2020",71.64,67.51
"South America","2021",68.46,68.29
"South America","2022",74.97,69.92
"South America","2023",-,71.42
"Afghanistan","2018",82.68,61.09
"Afghanistan","2019",87.84,57.93
"Afghanistan","2020",87.42,57.90
"Afghanistan","2021",78.27,58.39
"Afghanistan","2022",77.98,64.04
"Afghanistan","2023",-,64.04
"Albania","2018",100.00,95.56
"Albania","2019",100.00,95.69
"Albania","2020",100.00,96.13
"Albania","2021",100.00,96.31
"Albania","2022",100.00,96.40
"Albania","2023",-,96.57
"Algeria","2018",1.06,2.72
"Algeria","2019",1.07,2.46
"Algeria","2020",1.10,2.31
"Algeria","2021",0.95,1.96
"Algeria","2022",0.95,2.22
"Algeria","2023",-,2.12
"American Samoa","2018",4.76,11.50
"American Samoa","2019",4.28,10.80
"American Samoa","2020",3.70,10.80
"American Samoa","2021",3.12,10.80
"American Samoa","2022",3.05,9.34
"American Samoa","2023",-,9.34
"Andorra","2018",96.39,96.84
"Andorra","2019",96.61,96.89
"Andorra","2020",97.39,96.95
"Andorra","2021",93.27,97.02
"Andorra","2022",94.06,97.02
"Andorra","2023",-,97.02
"Angola","2018",72.31,57.12
"Angola","2019",72.85,59.39
"Angola","2020",80.51,61.60
"Angola","2021",73.99,61.60
"Angola","2022",76.30,63.30
"Angola","2023",-,63.44
"Anguilla","2018",1.99,4.69
"Anguilla","2019",2.47,6.08
"Anguilla","2020",3.48,6.08
"Anguilla","2021",3.48,6.08
"Anguilla","2022",3.48,6.08
"Anguilla","2023",-,6.08
"Antigua and Barbuda","2018",2.83,10.70
"Antigua and Barbuda","2019",3.69,9.80
"Antigua and Barbuda","2020",4.95,14.64
"Antigua and Barbuda","2021",6.10,19.20
"Antigua and Barbuda","2022",6.51,19.20
"Antigua and Barbuda","2023",-,13.10
"Argentina","2018",24.12,29.32
"Argentina","2019",25.25,31.21
"Argentina","2020",25.79,32.94
"Argentina","2021",24.44,34.46
"Argentina","2022",29.18,34.66
"Argentina","2023",-,35.26
"Armenia","2018",30.03,37.78
"Armenia","2019",31.37,37.91
"Armenia","2020",23.67,38.53
"Armenia","2021",30.54,37.10
"Armenia","2022",36.69,38.46
"Armenia","2023",-,44.10
"Aruba","2018",14.65,15.26
"Aruba","2019",15.02,14.80
"Aruba","2020",14.80,14.80
"Aruba","2021",14.80,14.80
"Aruba","2022",15.90,17.18
"Aruba","2023",-,17.18
"Australia","2018",17.02,33.58
"Australia","2019",19.57,38.26
"Australia","2020",22.45,42.22
"Australia","2021",26.50,45.02
"Australia","2022",30.67,48.07
"Australia","2023",-,51.50
"Austria","2018",72.95,79.48
"Austria","2019",73.60,80.20
"Austria","2020",76.39,80.29
"Austria","2021",74.56,80.72
"Austria","2022",72.85,83.31
"Austria","2023",-,84.97
"Azerbaijan","2018",8.13,16.31
"Azerbaijan","2019",7.33,16.87
"Azerbaijan","2020",5.47,17.00
"Azerbaijan","2021",5.80,16.52
"Azerbaijan","2022",6.70,16.61
"Azerbaijan","2023",-,20.28
"Bahamas","2018",0.57,0.48
"Bahamas","2019",0.64,0.57
"Bahamas","2020",0.76,0.59
"Bahamas","2021",0.97,1.14
"Bahamas","2022",1.19,1.63
"Bahamas","2023",-,1.64
"Bahrain","2018",0.04,0.10
"Bahrain","2019",0.06,0.12
"Bahrain","2020",0.06,0.12
"Bahrain","2021",0.12,0.22
"Bahrain","2022",0.25,0.49
"Bahrain","2023",-,0.60
"Bangladesh","2018",1.66,2.65
"Bangladesh","2019",1.52,2.59
"Bangladesh","2020",1.50,2.62
"Bangladesh","2021",1.51,3.26
"Bangladesh","2022",1.70,3.15
"Bangladesh","2023",-,3.60
"Barbados","2018",2.30,6.14
"Barbados","2019",3.41,11.17
"Barbados","2020",5.44,15.69
"Barbados","2021",7.33,19.48
"Barbados","2022",8.40,19.16
"Barbados","2023",-,19.16
"Belarus","2018",1.99,3.82
"Belarus","2019",2.50,4.05
"Belarus","2020",3.49,4.77
"Belarus","2021",3.37,4.33
"Belarus","2022",3.24,5.45
"Belarus","2023",-,5.48
"Belgium","2018",22.91,36.52
"Belgium","2019",20.81,39.76
"Belgium","2020",26.23,43.88
"Belgium","2021",22.62,45.34
"Belgium","2022",25.47,49.06
"Belgium","2023",-,54.56
"Belize","2018",82.26,48.51
"Belize","2019",62.62,50.01
"Belize","2020",95.43,50.01
"Belize","2021",81.02,50.01
"Belize","2022",89.71,50.01
"Belize","2023",-,50.01
"Benin","2018",1.26,1.74
"Benin","2019",0.42,1.41
"Benin","2020",0.52,1.75
"Benin","2021",0.63,2.12
"Benin","2022",0.85,10.12
"Benin","2023",-,10.12
"Bonaire, Sint Eustatius and Saba","2018",33.04,37.60
"Bonaire, Sint Eustatius and Saba","2019",28.43,38.97
"Bonaire, Sint Eustatius and Saba","2020",22.74,32.55
"Bonaire, Sint Eustatius and Saba","2021",24.14,32.55
"Bonaire, Sint Eustatius and Saba","2022",22.96,32.55
"Bonaire, Sint Eustatius and Saba","2023",-,33.91
"Bhutan","2018",100.00,99.45
"Bhutan","2019",100.00,99.71
"Bhutan","2020",100.00,99.64
"Bhutan","2021",100.00,99.65
"Bhutan","2022",100.00,99.65
"Bhutan","2023",-,99.65
"Bolivia (Plurinational State of)","2018",29.82,35.46
"Bolivia (Plurinational State of)","2019",36.40,35.71
"Bolivia (Plurinational State of)","2020",35.70,30.51
"Bolivia (Plurinational State of)","2021",38.25,31.55
"Bolivia (Plurinational State of)","2022",36.54,41.17
"Bolivia (Plurinational State of)","2023",-,32.65
"Bosnia and Herzegovina","2018",34.19,41.63
"Bosnia and Herzegovina","2019",36.55,42.20
"Bosnia and Herzegovina","2020",29.04,42.49
"Bosnia and Herzegovina","2021",38.77,43.53
"Bosnia and Herzegovina","2022",32.04,44.10
"Bosnia and Herzegovina","2023",-,44.45
"Botswana","2018",0.17,0.40
"Botswana","2019",0.18,0.64
"Botswana","2020",0.26,0.64
"Botswana","2021",0.25,0.68
"Botswana","2022",0.23,0.68
"Botswana","2023",-,0.68
"British Virgin Islands","2018",1.92,2.23
"British Virgin Islands","2019",2.02,2.76
"British Virgin Islands","2020",2.04,3.13
"British Virgin Islands","2021",2.18,3.50
"British Virgin Islands","2022",2.32,3.55
"British Virgin Islands","2023",-,5.01
"Brazil","2018",81.57,83.17
"Brazil","2019",81.42,83.30
"Brazil","2020",83.17,83.01
"Brazil","2021",77.37,83.36
"Brazil","2022",87.71,84.43
"Brazil","2023",-,85.71
"Brunei Darussalam","2018",0.04,0.12
"Brunei Darussalam","2019",0.02,0.12
"Brunei Darussalam","2020",0.02,0.12
"Brunei Darussalam","2021",0.03,0.40
"Brunei Darussalam","2022",0.03,0.40
"Brunei Darussalam","2023",-,0.41
"Bulgaria","2018",20.03,38.07
"Bulgaria","2019",16.90,38.46
"Bulgaria","2020",18.32,39.70
"Bulgaria","2021",21.67,40.43
"Bulgaria","2022",19.09,42.29
"Bulgaria","2023",-,47.58
"Burkina Faso","2018",16.86,23.57
"Burkina Faso","2019",25.17,21.14
"Burkina Faso","2020",27.87,21.23
"Burkina Faso","2021",24.40,19.15
"Burkina Faso","2022",23.79,23.99
"Burkina Faso","2023",-,35.18
"Burundi","2018",82.34,51.75
"Burundi","2019",77.42,51.77
"Burundi","2020",70.28,51.83
"Burundi","2021",60.09,54.83
"Burundi","2022",50.27,60.13
"Burundi","2023",-,60.13
"Cabo Verde","2018",20.80,21.06
"Cabo Verde","2019",18.66,23.48
"Cabo Verde","2020",16.82,22.75
"Cabo Verde","2021",18.27,23.67
"Cabo Verde","2022",27.24,23.20
"Cabo Verde","2023",-,25.10
"Cambodia","2018",59.40,63.90
"Cambodia","2019",49.03,61.20
"Cambodia","2020",49.62,56.43
"Cambodia","2021",59.11,58.01
"Cambodia","2022",65.76,56.89
"Cambodia","2023",-,58.01
"Cameroon","2018",72.39,51.48
"Cameroon","2019",75.93,54.06
"Cameroon","2020",76.73,54.09
"Cameroon","2021",76.78,54.42
"Cameroon","2022",76.78,54.46
"Cameroon","2023",-,55.50
"Canada","2018",65.89,68.32
"Canada","2019",65.81,68.36
"Canada","2020",66.98,68.05
"Canada","2021",67.48,68.38
"Canada","2022",68.98,69.80
"Canada","2023",-,69.83
"Cayman Islands","2018",2.09,5.78
"Cayman Islands","2019",2.39,6.43
"Cayman Islands","2020",2.81,7.24
"Cayman Islands","2021",3.05,7.72
"Cayman Islands","2022",2.99,7.53
"Cayman Islands","2023",-,7.48
"Central African Republic","2018",96.47,46.54
"Central African Republic","2019",96.47,46.53
"Central African Republic","2020",96.47,46.59
"Central African Republic","2021",96.47,21.04
"Central African Republic","2022",96.47,21.04
"Central African Republic","2023",-,38.03
"Chad","2018",5.24,1.28
"Chad","2019",4.79,1.28
"Chad","2020",5.31,1.47
"Chad","2021",5.68,1.64
"Chad","2022",5.81,1.65
"Chad","2023",-,1.65
"Chile","2018",46.30,47.07
"Chile","2019",46.63,47.93
"Chile","2020",48.78,51.94
"Chile","2021",49.18,54.48
"Chile","2022",55.42,59.15
"Chile","2023",-,63.89
"China","2018",25.27,36.58
"China","2019",26.46,37.74
"China","2020",27.62,40.72
"China","2021",28.15,42.81
"China","2022",29.66,45.07
"China","2023",-,49.77
"China, Hong Kong Special Administrative Region","2018",0.27,0.45
"China, Hong Kong Special Administrative Region","2019",0.31,1.37
"China, Hong Kong Special Administrative Region","2020",0.42,1.36
"China, Hong Kong Special Administrative Region","2021",0.71,1.37
"China, Hong Kong Special Administrative Region","2022",0.92,2.26
"China, Hong Kong Special Administrative Region","2023",-,2.32
"Chinese Taipei","2018",3.94,11.28
"Chinese Taipei","2019",4.90,13.33
"Chinese Taipei","2020",4.78,15.99
"Chinese Taipei","2021",5.40,18.63
"Chinese Taipei","2022",7.64,22.31
"Chinese Taipei","2023",-,27.50
"Colombia","2018",76.71,68.72
"Colombia","2019",69.74,68.56
"Colombia","2020",65.21,68.86
"Colombia","2021",74.27,67.87
"Colombia","2022",74.36,68.58
"Colombia","2023",-,69.54
"Comoros","2018",3.16,10.72
"Comoros","2019",3.22,10.79
"Comoros","2020",3.18,10.74
"Comoros","2021",1.02,7.73
"Comoros","2022",0.10,20.24
"Comoros","2023",-,20.24
"Democratic Republic of the Congo","2018",98.88,98.79
"Democratic Republic of the Congo","2019",99.10,98.80
"Democratic Republic of the Congo","2020",99.94,98.80
"Democratic Republic of the Congo","2021",99.98,98.80
"Democratic Republic of the Congo","2022",99.96,97.51
"Democratic Republic of the Congo","2023",-,97.69
"Congo","2018",40.66,34.64
"Congo","2019",40.67,34.64
"Congo","2020",40.67,27.53
"Congo","2021",40.67,27.53
"Congo","2022",40.67,27.54
"Congo","2023",-,27.54
"Cook Islands","2018",24.22,20.85
"Cook Islands","2019",25.06,23.29
"Cook Islands","2020",26.21,23.29
"Cook Islands","2021",21.14,23.29
"Cook Islands","2022",19.14,23.29
"Cook Islands","2023",-,23.29
"Costa Rica","2018",98.61,84.35
"Costa Rica","2019",99.16,86.90
"Costa Rica","2020",99.80,86.82
"Costa Rica","2021",99.98,88.20
"Costa Rica","2022",99.28,89.18
"Costa Rica","2023",-,89.35
"Côte d'Ivoire","2018",29.63,39.94
"Côte d'Ivoire","2019",24.72,39.46
"Côte d'Ivoire","2020",23.18,39.52
"Côte d'Ivoire","2021",18.75,38.86
"Côte d'Ivoire","2022",19.14,36.04
"Côte d'Ivoire","2023",-,37.00
"Croatia","2018",71.75,59.51
"Croatia","2019",65.41,65.12
"Croatia","2020",63.88,69.81
"Croatia","2021",69.22,71.62
"Croatia","2022",62.94,72.07
"Croatia","2023",-,72.51
"Cuba","2018",3.63,10.03
"Cuba","2019",4.36,9.25
"Cuba","2020",4.95,11.57
"Cuba","2021",5.26,11.93
"Cuba","2022",4.94,12.59
"Cuba","2023",-,11.97
"Curaçao","2018",27.91,26.15
"Curaçao","2019",26.72,22.25
"Curaçao","2020",24.18,22.63
"Curaçao","2021",24.10,22.63
"Curaçao","2022",22.44,22.63
"Curaçao","2023",-,22.67
"Cyprus","2018",9.43,16.11
"Cyprus","2019",10.01,17.68
"Cyprus","2020",12.30,21.06
"Cyprus","2021",15.13,24.47
"Cyprus","2022",16.78,28.54
"Cyprus","2023",-,34.29
"Czechia","2018",10.71,19.15
"Czechia","2019",11.55,19.85
"Czechia","2020",12.70,20.75
"Czechia","2021",12.52,21.64
"Czechia","2022",12.69,22.41
"Czechia","2023",-,22.71
"Denmark","2018",68.36,59.38
"Denmark","2019",78.17,61.32
"Denmark","2020",81.61,63.78
"Denmark","2021",78.96,67.16
"Denmark","2022",81.18,69.14
"Denmark","2023",-,70.57
"Djibouti","2018",1.08,0.29
"Djibouti","2019",0.66,0.29
"Djibouti","2020",0.48,0.29
"Djibouti","2021",35.90,14.20
"Djibouti","2022",35.71,14.20
"Djibouti","2023",-,39.52
"Dominica","2018",37.71,26.34
"Dominica","2019",22.27,26.34
"Dominica","2020",20.38,24.96
"Dominica","2021",20.29,24.96
"Dominica","2022",23.17,27.57
"Dominica","2023",-,27.57
"Dominican Republic","2018",15.56,23.14
"Dominican Republic","2019",12.69,25.77
"Dominican Republic","2020",15.87,26.45
"Dominican Republic","2021",17.23,28.26
"Dominican Republic","2022",17.82,31.17
"Dominican Republic","2023",-,33.94
"Ecuador","2018",72.58,60.80
"Ecuador","2019",78.11,60.76
"Ecuador","2020",79.74,60.82
"Ecuador","2021",81.00,60.34
"Ecuador","2022",76.11,61.12
"Ecuador","2023",-,61.20
"Egypt","2018",8.09,8.60
"Egypt","2019",8.98,9.74
"Egypt","2020",12.13,10.03
"Egypt","2021",12.28,10.50
"Egypt","2022",12.23,10.59
"Egypt","2023",-,11.17
"El Salvador","2018",77.94,62.31
"El Salvador","2019",71.49,65.91
"El Salvador","2020",84.74,67.40
"El Salvador","2021",86.09,68.48
"El Salvador","2022",78.30,59.75
"El Salvador","2023",-,60.30
"Equatorial Guinea","2018",11.97,31.76
"Equatorial Guinea","2019",11.97,31.75
"Equatorial Guinea","2020",11.97,31.75
"Equatorial Guinea","2021",11.95,31.73
"Equatorial Guinea","2022",11.94,31.70
"Equatorial Guinea","2023",-,31.70
"Eritrea","2018",13.02,11.47
"Eritrea","2019",12.71,11.49
"Eritrea","2020",12.37,11.49
"Eritrea","2021",11.75,11.19
"Eritrea","2022",11.59,11.06
"Eritrea","2023",-,11.06
"Estonia","2018",16.09,21.59
"Estonia","2019",28.13,26.06
"Estonia","2020",48.87,30.27
"Estonia","2021",39.95,42.00
"Estonia","2022",31.96,44.83
"Estonia","2023",-,53.94
"Eswatini","2018",98.30,94.45
"Eswatini","2019",98.45,94.45
"Eswatini","2020",98.48,94.45
"Eswatini","2021",98.61,94.74
"Eswatini","2022",98.67,94.74
"Eswatini","2023",-,94.74
"Ethiopia","2018",100.00,98.08
"Ethiopia","2019",100.00,97.72
"Ethiopia","2020",100.00,97.84
"Ethiopia","2021",100.00,97.86
"Ethiopia","2022",100.00,98.17
"Ethiopia","2023",-,98.24
"Falkland Islands (Malvinas)","2018",30.69,30.78
"Falkland Islands (Malvinas)","2019",29.30,30.78
"Falkland Islands (Malvinas)","2020",23.90,19.91
"Falkland Islands (Malvinas)","2021",24.45,19.91
"Falkland Islands (Malvinas)","2022",24.30,19.91
"Falkland Islands (Malvinas)","2023",-,19.91
"Faroe Islands","2018",48.84,44.81
"Faroe Islands","2019",40.43,40.38
"Faroe Islands","2020",38.69,35.96
"Faroe Islands","2021",38.08,35.89
"Faroe Islands","2022",52.21,35.89
"Faroe Islands","2023",-,35.89
"Fiji","2018",58.34,58.53
"Fiji","2019",54.48,55.68
"Fiji","2020",59.77,55.71
"Fiji","2021",60.07,56.61
"Fiji","2022",58.31,56.66
"Fiji","2023",-,56.78
"Finland","2018",45.74,43.95
"Finland","2019",46.44,44.98
"Finland","2020",51.87,50.16
"Finland","2021",52.93,52.60
"Finland","2022",53.54,60.86
"Finland","2023",-,59.46
"French Guiana","2018",63.60,47.47
"French Guiana","2019",49.30,48.30
"French Guiana","2020",52.09,46.70
"French Guiana","2021",69.08,46.74
"French Guiana","2022",71.15,46.75
"French Guiana","2023",-,46.75
"French Polynesia","2018",29.32,29.01
"French Polynesia","2019",28.85,29.96
"French Polynesia","2020",30.41,30.77
"French Polynesia","2021",28.45,30.41
"French Polynesia","2022",35.69,31.95
"French Polynesia","2023",-,32.10
"France","2018",19.51,37.54
"France","2019",19.81,39.32
"France","2020",23.52,40.78
"France","2021",22.02,42.44
"France","2022",23.97,44.25
"France","2023",-,45.23
"Gabon","2018",53.94,54.29
"Gabon","2019",53.94,54.29
"Gabon","2020",53.94,54.29
"Gabon","2021",53.95,54.32
"Gabon","2022",53.92,54.32
"Gabon","2023",-,54.32
"Gambia","2018",1.08,1.76
"Gambia","2019",1.09,2.10
"Gambia","2020",1.04,2.09
"Gambia","2021",0.96,1.85
"Gambia","2022",0.82,1.80
"Gambia","2023",-,1.80
"Georgia","2018",82.59,77.80
"Georgia","2019",76.05,78.23
"Georgia","2020",74.74,73.80
"Georgia","2021",81.22,74.05
"Georgia","2022",79.54,74.20
"Georgia","2023",-,74.78
"Germany","2018",34.67,51.97
"Germany","2019",39.60,54.03
"Germany","2020",43.70,56.34
"Germany","2021",39.41,57.32
"Germany","2022",43.27,59.58
"Germany","2023",-,63.28
"Ghana","2018",37.35,34.84
"Ghana","2019",40.65,32.54
"Ghana","2020",36.55,31.85
"Ghana","2021",34.56,31.36
"Ghana","2022",35.88,31.04
"Ghana","2023",-,31.04
"Greece","2018",30.32,46.06
"Greece","2019",33.10,48.46
"Greece","2020",36.38,52.52
"Greece","2021",40.49,56.80
"Greece","2022",42.62,57.15
"Greece","2023",-,60.64
"Greenland","2018",72.56,48.80
"Greenland","2019",74.97,48.80
"Greenland","2020",74.33,48.86
"Greenland","2021",77.04,48.93
"Greenland","2022",77.91,48.95
"Greenland","2023",-,49.07
"Grenada","2018",1.54,4.80
"Grenada","2019",1.63,5.82
"Grenada","2020",1.97,6.57
"Grenada","2021",1.97,6.25
"Grenada","2022",1.74,6.25
"Grenada","2023",-,6.45
"Guadeloupe","2018",21.39,30.33
"Guadeloupe","2019",22.16,32.23
"Guadeloupe","2020",23.45,37.15
"Guadeloupe","2021",33.84,38.51
"Guadeloupe","2022",34.82,39.27
"Guadeloupe","2023",-,39.27
"Guam","2018",4.29,7.26
"Guam","2019",4.47,8.70
"Guam","2020",4.70,9.02
"Guam","2021",4.81,9.35
"Guam","2022",8.29,19.99
"Guam","2023",-,20.01
"Guatemala","2018",65.08,69.53
"Guatemala","2019",62.77,69.75
"Guatemala","2020",76.90,69.69
"Guatemala","2021",73.31,70.65
"Guatemala","2022",79.09,70.69
"Guatemala","2023",-,70.73
"Guinea","2018",63.29,60.74
"Guinea","2019",63.90,62.52
"Guinea","2020",61.85,61.63
"Guinea","2021",88.13,65.96
"Guinea","2022",90.64,65.99
"Guinea","2023",-,65.99
"Guinea-Bissau","2018",10.64,6.13
"Guinea-Bissau","2019",10.62,6.12
"Guinea-Bissau","2020",10.30,5.92
"Guinea-Bissau","2021",11.80,6.83
"Guinea-Bissau","2022",10.52,6.06
"Guinea-Bissau","2023",-,6.06
"Guyana","2018",7.75,14.73
"Guyana","2019",7.20,14.72
"Guyana","2020",7.41,14.60
"Guyana","2021",7.51,13.05
"Guyana","2022",7.57,13.39
"Guyana","2023",-,14.30
"Haiti","2018",19.21,16.81
"Haiti","2019",19.22,16.82
"Haiti","2020",18.23,16.81
"Haiti","2021",18.24,16.83
"Haiti","2022",19.52,16.86
"Haiti","2023",-,16.98
"Honduras","2018",62.10,61.88
"Honduras","2019",53.43,62.83
"Honduras","2020",55.18,64.54
"Honduras","2021",61.37,64.73
"Honduras","2022",59.49,63.73
"Honduras","2023",-,63.55
"Hungary","2018",11.74,17.55
"Hungary","2019",13.68,22.89
"Hungary","2020",15.83,28.24
"Hungary","2021",19.14,33.74
"Hungary","2022",21.42,40.51
"Hungary","2023",-,47.13
"Iceland","2018",99.99,96.10
"Iceland","2019",99.99,96.11
"Iceland","2020",99.98,96.12
"Iceland","2021",99.99,95.80
"Iceland","2022",99.99,95.80
"Iceland","2023",-,95.80
"India","2018",15.65,28.13
"India","2019",17.03,29.02
"India","2020",18.46,29.91
"India","2021",18.92,31.71
"India","2022",19.49,33.85
"India","2023",-,35.16
"Indonesia","2018",16.98,15.09
"Indonesia","2019",16.14,14.78
"Indonesia","2020",18.03,14.38
"Indonesia","2021",18.10,15.47
"Indonesia","2022",19.60,15.03
"Indonesia","2023",-,14.62
"Iran (Islamic Republic of)","2018",5.37,14.28
"Iran (Islamic Republic of)","2019",9.55,14.27
"Iran (Islamic Republic of)","2020",7.01,14.00
"Iran (Islamic Republic of)","2021",4.19,13.82
"Iran (Islamic Republic of)","2022",4.19,13.77
"Iran (Islamic Republic of)","2023",-,13.54
"Iraq","2018",2.64,5.85
"Iraq","2019",5.99,5.85
"Iraq","2020",5.27,5.51
"Iraq","2021",4.19,5.29
"Iraq","2022",2.56,5.09
"Iraq","2023",-,5.03
"Ireland","2018",32.76,36.94
"Ireland","2019",38.10,40.89
"Ireland","2020",41.71,42.49
"Ireland","2021",36.41,43.72
"Ireland","2022",38.61,45.53
"Ireland","2023",-,48.78
"Israel","2018",3.08,7.78
"Israel","2019",4.71,11.31
"Israel","2020",6.19,13.42
"Israel","2021",7.62,16.95
"Israel","2022",8.56,20.38
"Israel","2023",-,20.49
"Italy","2018",39.50,46.14
"Italy","2019",39.43,46.70
"Italy","2020",41.68,47.68
"Italy","2021",40.25,48.53
"Italy","2022",35.38,49.38
"Italy","2023",-,51.43
"Jamaica","2018",12.36,17.48
"Jamaica","2019",12.08,18.05
"Jamaica","2020",13.13,16.41
"Jamaica","2021",12.76,16.32
"Jamaica","2022",12.01,16.32
"Jamaica","2023",-,16.45
"Japan","2018",16.37,25.99
"Japan","2019",17.84,28.47
"Japan","2020",19.43,30.16
"Japan","2021",20.14,31.85
"Japan","2022",21.48,33.31
"Japan","2023",-,34.84
"Jordan","2018",10.56,20.20
"Jordan","2019",14.29,24.46
"Jordan","2020",20.11,34.30
"Jordan","2021",23.52,38.21
"Jordan","2022",24.01,38.14
"Jordan","2023",-,37.08
"Kazakhstan","2018",10.27,13.69
"Kazakhstan","2019",10.62,15.63
"Kazakhstan","2020",12.54,17.72
"Kazakhstan","2021",11.00,18.90
"Kazakhstan","2022",11.74,20.66
"Kazakhstan","2023",-,21.88
"Kenya","2018",83.68,71.84
"Kenya","2019",89.64,72.10
"Kenya","2020",91.46,75.41
"Kenya","2021",88.15,76.71
"Kenya","2022",85.85,79.60
"Kenya","2023",-,80.05
"Kiribati","2018",17.28,32.94
"Kiribati","2019",16.68,32.94
"Kiribati","2020",16.68,32.94
"Kiribati","2021",16.68,32.94
"Kiribati","2022",16.68,32.94
"Kiribati","2023",-,32.94
"Democratic People's Republic of Korea","2018",51.54,59.03
"Democratic People's Republic of Korea","2019",46.41,59.11
"Democratic People's Republic of Korea","2020",53.54,59.55
"Democratic People's Republic of Korea","2021",63.33,59.66
"Democratic People's Republic of Korea","2022",63.09,59.70
"Democratic People's Republic of Korea","2023",-,59.63
"Republic of Korea","2018",3.91,10.59
"Republic of Korea","2019",4.82,13.45
"Republic of Korea","2020",5.88,16.18
"Republic of Korea","2021",6.17,17.38
"Republic of Korea","2022",7.40,18.82
"Republic of Korea","2023",-,20.19
"Kosovo*","2018",5.15,8.57
"Kosovo*","2019",4.95,9.73
"Kosovo*","2020",5.42,10.67
"Kosovo*","2021",6.37,10.93
"Kosovo*","2022",8.98,13.00
"Kosovo*","2023",-,17.16
"Kuwait","2018",0.07,0.25
"Kuwait","2019",0.08,0.49
"Kuwait","2020",0.08,0.48
"Kuwait","2021",0.26,0.48
"Kuwait","2022",2.28,0.56
"Kuwait","2023",-,0.56
"Kyrgyzstan","2018",91.04,85.31
"Kyrgyzstan","2019",91.69,85.31
"Kyrgyzstan","2020",90.75,85.32
"Kyrgyzstan","2021",85.59,75.05
"Kyrgyzstan","2022",85.93,75.05
"Kyrgyzstan","2023",-,77.65
"Lao People's Democratic Republic","2018",98.21,77.01
"Lao People's Democratic Republic","2019",93.63,79.43
"Lao People's Democratic Republic","2020",82.60,83.19
"Lao People's Democratic Republic","2021",82.29,84.68
"Lao People's Democratic Republic","2022",76.62,85.60
"Lao People's Democratic Republic","2023",-,85.74
"Latvia","2018",52.02,61.36
"Latvia","2019",49.58,62.15
"Latvia","2020",63.75,62.03
"Latvia","2021",63.59,62.02
"Latvia","2022",75.70,63.87
"Latvia","2023",-,67.73
"Lebanon","2018",1.98,9.26
"Lebanon","2019",4.83,9.77
"Lebanon","2020",5.71,10.09
"Lebanon","2021",6.53,14.12
"Lebanon","2022",8.68,29.56
"Lebanon","2023",-,31.80
"Lesotho","2018",99.88,99.33
"Lesotho","2019",99.87,99.34
"Lesotho","2020",99.88,99.34
"Lesotho","2021",99.53,99.31
"Lesotho","2022",99.83,99.30
"Lesotho","2023",-,99.41
"Liberia","2018",32.00,49.01
"Liberia","2019",31.10,49.12
"Liberia","2020",29.36,49.36
"Liberia","2021",34.75,49.44
"Liberia","2022",34.81,49.60
"Liberia","2023",-,49.60
"Libya","2018",0.02,0.05
"Libya","2019",0.02,0.05
"Libya","2020",0.03,0.05
"Libya","2021",0.03,0.06
"Libya","2022",0.03,0.06
"Libya","2023",-,0.07
"Lithuania","2018",62.79,24.93
"Lithuania","2019",62.17,25.43
"Lithuania","2020",46.67,26.84
"Lithuania","2021",51.62,31.23
"Lithuania","2022",63.29,40.76
"Lithuania","2023",-,52.51
"Luxembourg","2018",31.06,18.93
"Luxembourg","2019",41.75,21.75
"Luxembourg","2020",43.70,23.78
"Luxembourg","2021",44.77,26.85
"Luxembourg","2022",45.19,29.20
"Luxembourg","2023",-,36.03
"Madagascar","2018",55.61,23.05
"Madagascar","2019",49.63,23.17
"Madagascar","2020",46.69,23.28
"Madagascar","2021",42.39,23.26
"Madagascar","2022",45.82,28.09
"Madagascar","2023",-,28.14
"Malawi","2018",79.79,76.67
"Malawi","2019",78.12,74.97
"Malawi","2020",78.19,75.06
"Malawi","2021",79.03,78.33
"Malawi","2022",79.05,79.73
"Malawi","2023",-,79.73
"Malaysia","2018",16.87,22.62
"Malaysia","2019",16.47,21.92
"Malaysia","2020",17.84,23.21
"Malaysia","2021",17.86,23.01
"Malaysia","2022",17.86,22.81
"Malaysia","2023",-,22.81
"Maldives","2018",3.87,3.27
"Maldives","2019",4.42,4.04
"Maldives","2020",5.58,5.09
"Maldives","2021",5.82,5.78
"Maldives","2022",5.48,6.61
"Maldives","2023",-,6.82
"Mali","2018",60.72,44.37
"Mali","2019",60.35,43.80
"Mali","2020",61.07,46.41
"Mali","2021",61.54,47.96
"Mali","2022",60.98,53.78
"Mali","2023",-,53.78
"Malta","2018",10.14,18.79
"Malta","2019",9.80,21.32
"Malta","2020",11.33,24.61
"Malta","2021",11.88,26.26
"Malta","2022",12.95,31.16
"Malta","2023",-,31.96
"Marshall Islands","2018",2.87,5.60
"Marshall Islands","2019",2.87,5.60
"Marshall Islands","2020",2.87,5.60
"Marshall Islands","2021",2.80,5.60
"Marshall Islands","2022",2.91,5.81
"Marshall Islands","2023",-,6.02
"Martinique","2018",11.60,21.36
"Martinique","2019",24.67,24.39
"Martinique","2020",23.33,24.65
"Martinique","2021",25.30,25.24
"Martinique","2022",26.55,26.08
"Martinique","2023",-,26.91
"Mauritania","2018",19.78,21.23
"Mauritania","2019",18.73,20.78
"Mauritania","2020",18.99,20.78
"Mauritania","2021",20.37,19.46
"Mauritania","2022",16.38,19.65
"Mauritania","2023",-,33.98
"Mauritius","2018",20.88,27.02
"Mauritius","2019",21.89,29.03
"Mauritius","2020",24.07,29.68
"Mauritius","2021",21.63,29.84
"Mauritius","2022",19.27,29.68
"Mauritius","2023",-,29.68
"Mayotte","2018",4.96,13.71
"Mayotte","2019",7.14,14.52
"Mayotte","2020",7.83,15.79
"Mayotte","2021",12.08,23.28
"Mayotte","2022",12.08,23.28
"Mayotte","2023",-,23.98
"Mexico","2018",15.22,24.38
"Mexico","2019",15.98,28.93
"Mexico","2020",19.83,30.09
"Mexico","2021",19.18,31.10
"Mexico","2022",22.25,27.29
"Mexico","2023",-,28.08
"Micronesia (Federated States of)","2018",5.60,9.85
"Micronesia (Federated States of)","2019",5.80,10.27
"Micronesia (Federated States of)","2020",5.33,10.27
"Micronesia (Federated States of)","2021",4.84,10.27
"Micronesia (Federated States of)","2022",4.84,10.27
"Micronesia (Federated States of)","2023",-,10.27
"Republic of Moldova","2018",9.03,3.47
"Republic of Moldova","2019",9.37,3.59
"Republic of Moldova","2020",8.18,3.80
"Republic of Moldova","2021",9.17,4.93
"Republic of Moldova","2022",12.41,7.97
"Republic of Moldova","2023",-,9.47
"Mongolia","2018",7.23,18.43
"Mongolia","2019",4.97,19.40
"Mongolia","2020",4.84,18.44
"Mongolia","2021",5.41,17.96
"Mongolia","2022",4.86,17.96
"Mongolia","2023",-,17.96
"Montenegro","2018",59.20,76.87
"Montenegro","2019",56.18,77.92
"Montenegro","2020",52.22,78.41
"Montenegro","2021",61.76,78.41
"Montenegro","2022",53.33,78.81
"Montenegro","2023",-,79.20
"Montserrat","2018",-,-
"Montserrat","2019",-,3.48
"Montserrat","2020",3.20,3.48
"Montserrat","2021",11.90,12.59
"Montserrat","2022",11.90,12.59
"Montserrat","2023",-,12.79
"Morocco","2018",18.98,29.82
"Morocco","2019",18.86,30.54
"Morocco","2020",18.18,33.03
"Morocco","2021",18.93,33.06
"Morocco","2022",17.44,34.28
"Morocco","2023",-,36.50
"Mozambique","2018",82.31,77.45
"Mozambique","2019",81.91,77.77
"Mozambique","2020",83.72,77.79
"Mozambique","2021",83.12,77.79
"Mozambique","2022",84.06,77.73
"Mozambique","2023",-,78.18
"Myanmar","2018",61.21,53.83
"Myanmar","2019",51.55,52.60
"Myanmar","2020",43.49,44.49
"Myanmar","2021",46.40,49.50
"Myanmar","2022",48.48,49.06
"Myanmar","2023",-,49.06
"Namibia","2018",90.76,70.77
"Namibia","2019",90.76,73.03
"Namibia","2020",91.30,73.21
"Namibia","2021",90.65,73.21
"Namibia","2022",92.09,74.16
"Namibia","2023",-,74.16
"Nauru","2018",3.09,4.67
"Nauru","2019",3.84,9.28
"Nauru","2020",6.12,9.30
"Nauru","2021",8.64,10.91
"Nauru","2022",8.82,11.77
"Nauru","2023",-,11.77
"Nepal","2018",100.00,95.37
"Nepal","2019",100.00,95.81
"Nepal","2020",100.00,96.20
"Nepal","2021",100.00,97.48
"Nepal","2022",100.00,97.75
"Nepal","2023",-,98.13
"Netherlands","2018",16.51,28.33
"Netherlands","2019",18.78,34.10
"Netherlands","2020",26.55,43.41
"Netherlands","2021",33.05,49.05
"Netherlands","2022",39.66,54.37
"Netherlands","2023",-,59.14
"New Caledonia","2018",11.75,16.03
"New Caledonia","2019",13.74,18.99
"New Caledonia","2020",15.60,20.85
"New Caledonia","2021",22.48,24.58
"New Caledonia","2022",25.72,23.93
"New Caledonia","2023",-,24.21
"New Zealand","2018",83.65,77.77
"New Zealand","2019",82.02,77.85
"New Zealand","2020",80.43,77.09
"New Zealand","2021",81.44,77.72
"New Zealand","2022",86.57,80.38
"New Zealand","2023",-,80.70
"Nicaragua","2018",58.89,45.52
"Nicaragua","2019",56.88,45.21
"Nicaragua","2020",69.91,45.21
"Nicaragua","2021",69.27,45.40
"Nicaragua","2022",65.68,45.85
"Nicaragua","2023",-,45.93
"Niger","2018",2.48,3.99
"Niger","2019",3.83,3.85
"Niger","2020",3.85,4.00
"Niger","2021",3.76,3.96
"Niger","2022",3.82,10.02
"Niger","2023",-,15.13
"Nigeria","2018",22.97,16.45
"Nigeria","2019",25.34,16.47
"Nigeria","2020",22.58,16.77
"Nigeria","2021",25.35,16.93
"Nigeria","2022",27.16,17.11
"Nigeria","2023",-,20.88
"Niue","2018",13.83,14.06
"Niue","2019",13.83,31.11
"Niue","2020",13.83,31.11
"Niue","2021",13.83,31.11
"Niue","2022",10.49,31.11
"Niue","2023",-,31.11
"North Macedonia","2018",35.05,40.00
"North Macedonia","2019",22.89,40.19
"North Macedonia","2020",27.59,42.61
"North Macedonia","2021",30.01,38.65
"North Macedonia","2022",26.90,42.54
"North Macedonia","2023",-,50.76
"Norway","2018",97.26,97.12
"Norway","2019",97.17,97.22
"Norway","2020",97.97,97.64
"Norway","2021",98.82,97.77
"Norway","2022",97.77,98.22
"Norway","2023",-,98.21
"Oman","2018",0.13,0.30
"Oman","2019",0.15,0.66
"Oman","2020",0.42,1.50
"Oman","2021",1.97,1.72
"Oman","2022",3.99,6.09
"Oman","2023",-,6.23
"Pakistan","2018",27.05,32.77
"Pakistan","2019",30.83,31.37
"Pakistan","2020",32.11,31.74
"Pakistan","2021",29.89,31.36
"Pakistan","2022",30.15,31.03
"Pakistan","2023",-,30.59
"Palau","2018",3.59,7.38
"Palau","2019",3.51,8.16
"Palau","2020",3.92,8.84
"Palau","2021",5.90,12.58
"Palau","2022",5.90,12.58
"Palau","2023",-,39.43
"State of Palestine","2018",14.33,20.14
"State of Palestine","2019",15.17,33.93
"State of Palestine","2020",21.27,42.38
"State of Palestine","2021",24.46,52.69
"State of Palestine","2022",24.73,54.57
"State of Palestine","2023",-,90.57
"Panama","2018",77.18,58.80
"Panama","2019",56.50,59.69
"Panama","2020",75.62,56.37
"Panama","2021",81.72,65.12
"Panama","2022",80.08,67.62
"Panama","2023",-,66.71
"Papua New Guinea","2018",32.28,33.67
"Papua New Guinea","2019",41.88,33.41
"Papua New Guinea","2020",39.92,31.96
"Papua New Guinea","2021",39.96,32.00
"Papua New Guinea","2022",28.78,32.21
"Papua New Guinea","2023",-,36.05
"Paraguay","2018",100.00,99.99
"Paraguay","2019",100.00,99.71
"Paraguay","2020",100.00,99.71
"Paraguay","2021",100.00,99.71
"Paraguay","2022",100.00,99.71
"Paraguay","2023",-,99.71
"Peru","2018",61.19,41.68
"Peru","2019",60.78,42.65
"Peru","2020",64.34,42.85
"Peru","2021",61.65,43.02
"Peru","2022",55.73,42.54
"Peru","2023",-,43.15
"Philippines","2018",22.76,27.59
"Philippines","2019",20.21,26.37
"Philippines","2020",20.64,26.51
"Philippines","2021",21.48,26.52
"Philippines","2022",21.62,26.37
"Philippines","2023",-,26.94
"Poland","2018",12.73,19.28
"Poland","2019",15.54,21.55
"Poland","2020",17.88,24.86
"Poland","2021",17.03,31.15
"Poland","2022",20.98,40.35
"Poland","2023",-,44.18
"Portugal","2018",49.30,64.92
"Portugal","2019",51.56,65.43
"Portugal","2020",56.71,65.61
"Portugal","2021",61.87,70.62
"Portugal","2022",56.56,75.74
"Portugal","2023",-,77.56
"Puerto Rico","2018",2.65,8.75
"Puerto Rico","2019",3.73,9.03
"Puerto Rico","2020",4.01,9.73
"Puerto Rico","2021",4.58,11.28
"Puerto Rico","2022",5.60,13.31
"Puerto Rico","2023",-,17.13
"Qatar","2018",0.30,0.23
"Qatar","2019",0.25,0.23
"Qatar","2020",0.29,0.23
"Qatar","2021",0.27,0.23
"Qatar","2022",0.26,7.22
"Qatar","2023",-,7.22
"Réunion","2018",36.45,48.23
"Réunion","2019",31.25,48.72
"Réunion","2020",24.65,49.21
"Réunion","2021",28.21,50.20
"Réunion","2022",34.24,50.84
"Réunion","2023",-,51.09
"Romania","2018",40.38,47.65
"Romania","2019",41.32,53.73
"Romania","2020",43.99,54.32
"Romania","2021",44.30,59.51
"Romania","2022",42.16,60.20
"Romania","2023",-,62.23
"Russian Federation","2018",17.35,19.54
"Russian Federation","2019",17.63,19.75
"Russian Federation","2020",19.93,20.23
"Russian Federation","2021",20.28,20.59
"Russian Federation","2022",17.92,20.68
"Russian Federation","2023",-,20.74
"Rwanda","2018",47.90,50.73
"Rwanda","2019",51.75,53.61
"Rwanda","2020",60.50,55.66
"Rwanda","2021",58.23,55.90
"Rwanda","2022",52.84,50.36
"Rwanda","2023",-,50.36
"Samoa","2018",42.61,36.78
"Samoa","2019",40.59,37.88
"Samoa","2020",47.57,38.48
"Samoa","2021",43.34,38.48
"Samoa","2022",32.74,38.48
"Samoa","2023",-,38.48
"Sao Tome and Principe","2018",5.56,7.59
"Sao Tome and Principe","2019",5.71,7.42
"Sao Tome and Principe","2020",5.84,7.39
"Sao Tome and Principe","2021",6.06,6.98
"Sao Tome and Principe","2022",5.88,6.39
"Sao Tome and Principe","2023",-,6.39
"Saudi Arabia","2018",0.06,0.11
"Saudi Arabia","2019",0.07,0.15
"Saudi Arabia","2020",0.21,0.51
"Saudi Arabia","2021",0.22,0.53
"Saudi Arabia","2022",0.69,1.00
"Saudi Arabia","2023",-,3.26
"Senegal","2018",8.03,14.92
"Senegal","2019",8.81,20.58
"Senegal","2020",12.48,26.82
"Senegal","2021",20.75,30.37
"Senegal","2022",16.46,29.06
"Senegal","2023",-,29.02
"Serbia","2018",29.17,35.26
"Serbia","2019",27.97,36.92
"Serbia","2020",26.96,37.05
"Serbia","2021",33.11,37.23
"Serbia","2022",28.07,35.98
"Serbia","2023",-,36.83
"Seychelles","2018",3.07,9.82
"Seychelles","2019",2.62,9.29
"Seychelles","2020",3.27,11.60
"Seychelles","2021",5.45,17.50
"Seychelles","2022",5.71,17.85
"Seychelles","2023",-,17.85
"Sierra Leone","2018",73.39,48.36
"Sierra Leone","2019",94.86,41.71
"Sierra Leone","2020",97.28,42.22
"Sierra Leone","2021",95.80,44.11
"Sierra Leone","2022",95.78,45.28
"Sierra Leone","2023",-,45.28
"Singapore","2018",1.71,2.42
"Singapore","2019",1.81,3.48
"Singapore","2020",1.90,4.12
"Singapore","2021",2.15,5.44
"Singapore","2022",3.01,6.80
"Singapore","2023",-,8.80
"Slovakia","2018",21.53,30.55
"Slovakia","2019",23.37,31.47
"Slovakia","2020",23.78,30.84
"Slovakia","2021",22.58,32.12
"Slovakia","2022",21.69,32.59
"Slovakia","2023",-,33.32
"Slovenia","2018",32.05,38.83
"Slovenia","2019",31.30,39.47
"Slovenia","2020",32.47,41.02
"Slovenia","2021",34.32,41.76
"Slovenia","2022",29.89,43.99
"Slovenia","2023",-,47.77
"Solomon Islands","2018",6.41,6.55
"Solomon Islands","2019",6.71,6.36
"Solomon Islands","2020",6.65,6.36
"Solomon Islands","2021",7.13,6.36
"Solomon Islands","2022",9.24,9.17
"Solomon Islands","2023",-,9.74
"Somalia","2018",2.64,5.50
"Somalia","2019",2.72,5.65
"Somalia","2020",6.34,12.63
"Somalia","2021",9.45,17.48
"Somalia","2022",17.52,30.24
"Somalia","2023",-,31.81
"South Africa","2018",3.51,14.08
"South Africa","2019",3.75,14.24
"South Africa","2020",4.54,15.85
"South Africa","2021",5.23,15.86
"South Africa","2022",5.40,16.77
"South Africa","2023",-,17.04
"South Georgia and the South Sandwich Islands","2018",98.60,58.86
"South Georgia and the South Sandwich Islands","2019",98.96,58.86
"South Georgia and the South Sandwich Islands","2020",98.96,58.86
"South Georgia and the South Sandwich Islands","2021",100.00,58.86
"South Georgia and the South Sandwich Islands","2022",100.00,58.86
"South Georgia and the South Sandwich Islands","2023",-,60.49
"South Sudan","2018",0.19,0.56
"South Sudan","2019",0.22,0.49
"South Sudan","2020",0.49,1.09
"South Sudan","2021",0.81,1.76
"South Sudan","2022",0.81,1.75
"South Sudan","2023",-,7.52
"Spain","2018",37.86,46.52
"Spain","2019",36.96,49.78
"Spain","2020",43.20,52.91
"Spain","2021",45.84,55.86
"Spain","2022",42.04,60.25
"Spain","2023",-,62.21
"Sri Lanka","2018",43.85,51.58
"Sri Lanka","2019",33.77,51.54
"Sri Lanka","2020",35.59,52.95
"Sri Lanka","2021",49.40,57.63
"Sri Lanka","2022",50.34,61.43
"Sri Lanka","2023",-,62.93
"Saint Barthélemy","2018",0.04,0.07
"Saint Barthélemy","2019",0.04,0.07
"Saint Barthélemy","2020",0.05,0.13
"Saint Barthélemy","2021",0.05,0.13
"Saint Barthélemy","2022",0.06,0.18
"Saint Barthélemy","2023",-,0.16
"Saint Kitts and Nevis","2018",3.63,5.58
"Saint Kitts and Nevis","2019",3.50,5.64
"Saint Kitts and Nevis","2020",4.41,6.89
"Saint Kitts and Nevis","2021",4.52,6.89
"Saint Kitts and Nevis","2022",4.39,6.56
"Saint Kitts and Nevis","2023",-,6.56
"Saint Lucia","2018",1.67,4.37
"Saint Lucia","2019",2.06,4.62
"Saint Lucia","2020",2.20,4.68
"Saint Lucia","2021",2.01,4.68
"Saint Lucia","2022",2.00,4.68
"Saint Lucia","2023",-,4.76
"Saint Martin","2018",0.01,0.18
"Saint Martin","2019",0.27,0.88
"Saint Martin","2020",0.68,1.74
"Saint Martin","2021",0.81,1.74
"Saint Martin","2022",0.94,3.25
"Saint Martin","2023",-,3.58
"Saint Pierre and Miquelon","2018",-,-
"Saint Pierre and Miquelon","2019",-,-
"Saint Pierre and Miquelon","2020",-,-
"Saint Pierre and Miquelon","2021",-,-
"Saint Pierre and Miquelon","2022",-,-
"Saint Pierre and Miquelon","2023",-,-
"Saint Vincent and the Grenadines","2018",16.62,19.18
"Saint Vincent and the Grenadines","2019",15.21,22.63
"Saint Vincent and the Grenadines","2020",16.85,18.19
"Saint Vincent and the Grenadines","2021",15.02,18.14
"Saint Vincent and the Grenadines","2022",15.02,17.61
"Saint Vincent and the Grenadines","2023",-,18.33
"Sudan","2018",60.86,47.39
"Sudan","2019",61.38,47.65
"Sudan","2020",67.31,48.17
"Sudan","2021",60.79,48.43
"Sudan","2022",61.02,49.16
"Sudan","2023",-,49.16
"Suriname","2018",56.34,42.39
"Suriname","2019",51.51,41.64
"Suriname","2020",39.70,41.73
"Suriname","2021",53.85,38.37
"Suriname","2022",53.85,32.66
"Suriname","2023",-,32.66
"Sweden","2018",55.79,70.78
"Sweden","2019",58.74,72.75
"Sweden","2020",68.45,71.85
"Sweden","2021",67.37,75.75
"Sweden","2022",68.27,77.36
"Sweden","2023",-,78.71
"Switzerland","2018",56.26,79.18
"Switzerland","2019",57.49,79.50
"Switzerland","2020",59.46,79.92
"Switzerland","2021",63.62,81.73
"Switzerland","2022",54.80,82.26
"Switzerland","2023",-,83.45
"Syrian Arab Republic","2018",2.98,14.89
"Syrian Arab Republic","2019",2.96,14.90
"Syrian Arab Republic","2020",3.14,14.89
"Syrian Arab Republic","2021",4.98,15.07
"Syrian Arab Republic","2022",5.22,15.29
"Syrian Arab Republic","2023",-,15.29
"Tajikistan","2018",93.23,87.41
"Tajikistan","2019",92.77,88.89
"Tajikistan","2020",92.77,88.89
"Tajikistan","2021",92.77,88.89
"Tajikistan","2022",92.81,88.92
"Tajikistan","2023",-,88.92
"United Republic of Tanzania","2018",33.48,33.91
"United Republic of Tanzania","2019",34.71,34.10
"United Republic of Tanzania","2020",42.83,34.27
"United Republic of Tanzania","2021",39.24,34.37
"United Republic of Tanzania","2022",33.83,34.40
"United Republic of Tanzania","2023",-,34.40
"Thailand","2018",18.37,21.82
"Thailand","2019",19.13,22.29
"Thailand","2020",18.02,22.12
"Thailand","2021",19.28,22.10
"Thailand","2022",19.95,21.41
"Thailand","2023",-,21.37
"Timor-Leste","2018",0.60,0.34
"Timor-Leste","2019",0.46,0.28
"Timor-Leste","2020",0.11,0.21
"Timor-Leste","2021",0.11,0.21
"Timor-Leste","2022",0.12,0.22
"Timor-Leste","2023",-,0.23
"Togo","2018",22.60,29.18
"Togo","2019",23.68,30.01
"Togo","2020",14.91,30.99
"Togo","2021",20.66,37.37
"Togo","2022",14.51,37.71
"Togo","2023",-,37.71
"Tokelau","2018",94.03,87.85
"Tokelau","2019",94.16,88.00
"Tokelau","2020",94.16,88.00
"Tokelau","2021",94.16,88.00
"Tokelau","2022",94.16,88.00
"Tokelau","2023",-,88.00
"Tonga","2018",10.87,31.30
"Tonga","2019",12.71,35.26
"Tonga","2020",14.06,35.26
"Tonga","2021",11.96,31.67
"Tonga","2022",10.09,47.27
"Tonga","2023",-,48.37
"Trinidad and Tobago","2018",0.07,0.19
"Trinidad and Tobago","2019",0.07,0.20
"Trinidad and Tobago","2020",0.07,0.17
"Trinidad and Tobago","2021",0.07,0.20
"Trinidad and Tobago","2022",0.07,0.20
"Trinidad and Tobago","2023",-,0.20
"Tunisia","2018",3.08,7.28
"Tunisia","2019",3.73,7.16
"Tunisia","2020",4.05,6.73
"Tunisia","2021",4.26,6.73
"Tunisia","2022",4.09,7.72
"Tunisia","2023",-,11.86
"Türkiye","2018",32.08,47.69
"Türkiye","2019",43.52,48.64
"Türkiye","2020",41.85,51.30
"Türkiye","2021",35.42,53.30
"Türkiye","2022",41.97,53.92
"Türkiye","2023",-,55.00
"Turkmenistan","2018",0.01,0.02
"Turkmenistan","2019",0.01,0.02
"Turkmenistan","2020",0.01,0.02
"Turkmenistan","2021",0.01,0.03
"Turkmenistan","2022",0.01,0.03
"Turkmenistan","2023",-,0.03
"Turks and Caicos Islands","2018",0.27,0.48
"Turks and Caicos Islands","2019",0.56,1.03
"Turks and Caicos Islands","2020",0.57,1.03
"Turks and Caicos Islands","2021",1.50,2.76
"Turks and Caicos Islands","2022",1.93,3.50
"Turks and Caicos Islands","2023",-,3.74
"Tuvalu","2018",19.24,53.83
"Tuvalu","2019",19.15,53.83
"Tuvalu","2020",15.81,54.33
"Tuvalu","2021",15.28,54.33
"Tuvalu","2022",15.28,54.33
"Tuvalu","2023",-,54.98
"Uganda","2018",94.42,89.84
"Uganda","2019",97.66,91.98
"Uganda","2020",98.70,92.20
"Uganda","2021",97.86,92.22
"Uganda","2022",99.72,92.37
"Uganda","2023",-,92.37
"United Kingdom of Great Britain and Northern Ireland","2018",33.13,41.26
"United Kingdom of Great Britain and Northern Ireland","2019",37.03,45.31
"United Kingdom of Great Britain and Northern Ireland","2020",43.30,46.32
"United Kingdom of Great Britain and Northern Ireland","2021",39.75,47.88
"United Kingdom of Great Britain and Northern Ireland","2022",41.73,49.58
"United Kingdom of Great Britain and Northern Ireland","2023",-,51.70
"Ukraine","2018",8.57,14.19
"Ukraine","2019",8.27,21.74
"Ukraine","2020",11.44,23.82
"Ukraine","2021",11.44,25.18
"Ukraine","2022",16.47,25.18
"Ukraine","2023",-,24.79
"United Arab Emirates","2018",0.89,1.90
"United Arab Emirates","2019",2.65,5.83
"United Arab Emirates","2020",3.78,6.63
"United Arab Emirates","2021",4.19,8.32
"United Arab Emirates","2022",4.97,9.31
"United Arab Emirates","2023",-,13.80
"Uruguay","2018",97.22,75.83
"Uruguay","2019",98.12,76.02
"Uruguay","2020",93.23,76.05
"Uruguay","2021",83.41,76.09
"Uruguay","2022",90.15,76.14
"Uruguay","2023",-,77.64
"United States Virgin Islands","2018",2.30,2.97
"United States Virgin Islands","2019",2.16,2.97
"United States Virgin Islands","2020",2.20,2.97
"United States Virgin Islands","2021",2.64,2.97
"United States Virgin Islands","2022",2.64,2.97
"United States Virgin Islands","2023",-,2.97
"United States of America","2018",16.68,22.04
"United States of America","2019",17.47,23.50
"United States of America","2020",19.42,25.68
"United States of America","2021",19.80,27.80
"United States of America","2022",21.34,29.66
"United States of America","2023",-,31.53
"Uzbekistan","2018",10.05,13.52
"Uzbekistan","2019",11.24,11.99
"Uzbekistan","2020",9.48,12.16
"Uzbekistan","2021",7.74,12.99
"Uzbekistan","2022",9.34,13.99
"Uzbekistan","2023",-,14.91
"Vanuatu","2018",23.44,35.51
"Vanuatu","2019",27.32,34.66
"Vanuatu","2020",28.43,34.11
"Vanuatu","2021",25.15,34.13
"Vanuatu","2022",22.70,33.73
"Vanuatu","2023",-,34.48
"Venezuela (Bolivarian Republic of)","2018",69.29,46.39
"Venezuela (Bolivarian Republic of)","2019",78.87,47.59
"Venezuela (Bolivarian Republic of)","2020",81.48,47.59
"Venezuela (Bolivarian Republic of)","2021",80.08,47.79
"Venezuela (Bolivarian Republic of)","2022",77.41,47.79
"Venezuela (Bolivarian Republic of)","2023",-,47.53
"Viet Nam","2018",40.91,41.08
"Viet Nam","2019",32.07,47.69
"Viet Nam","2020",36.40,55.79
"Viet Nam","2021",44.93,56.21
"Viet Nam","2022",52.02,56.69
"Viet Nam","2023",-,55.57
"Yemen","2018",14.05,14.29
"Yemen","2019",14.99,13.64
"Yemen","2020",16.93,13.62
"Yemen","2021",16.93,12.87
"Yemen","2022",17.26,13.13
"Yemen","2023",-,14.25
"Zambia","2018",84.71,82.37
"Zambia","2019",82.93,82.89
"Zambia","2020",85.55,82.90
"Zambia","2021",92.05,84.43
"Zambia","2022",88.91,86.30
"Zambia","2023",-,86.42
"Zimbabwe","2018",61.73,49.75
"Zimbabwe","2019",61.19,49.81
"Zimbabwe","2020",62.07,49.86
"Zimbabwe","2021",71.15,50.26
"Zimbabwe","2022",50.18,49.50
"Zimbabwe","2023",-,39.85
